{"cameraMode":{"drawMode":0,"name":"Shaded","section":"Shading Mode"},"sceneLighting":true,"audioPlay":false,"sceneViewState":{"m_AlwaysRefresh":false,"showFog":true,"showSkybox":true,"showFlares":true,"showImageEffects":true,"showParticleSystems":true,"showVisualEffectGraphs":true,"m_FxEnabled":true},"in2DMode":false,"pivot":{"x":81.07878875732422,"y":3.9172487258911135,"z":-51.245872497558597},"rotation":{"x":0.27643007040023806,"y":-0.36541661620140078,"z":0.11460129916667938,"w":0.8814420700073242},"size":3.478827953338623,"orthographic":false}